Disease,Symptom_1,Symptom_2,Symptom_3,Symptom_4,Symptom_5,Symptom_6,Symptom_7,Symptom_8,Symptom_9,Symptom_10,Symptom_11,Symptom_12,Symptom_13,Symptom_14,Symptom_15,Symptom_16,Symptom_17
Diabetes mellitus,fatigue,weight_loss,restlessness,lethargy,irregular_sugar_level,blurred_and_distorted_vision,obesity,excessive_hunger,increased_appetite,polyuria,,,,,,,
Diabetes mellitus,fatigue,weight_loss,restlessness,lethargy,irregular_sugar_level,blurred_and_distorted_vision,obesity,excessive_hunger,increased_appetite,polyuria,,,,,,,
Diabetes mellitus,weight_loss,restlessness,lethargy,irregular_sugar_level,blurred_and_distorted_vision,obesity,excessive_hunger,increased_appetite,polyuria,,,,,,,,
Diabetes mellitus,fatigue,restlessness,lethargy,irregular_sugar_level,blurred_and_distorted_vision,obesity,excessive_hunger,increased_appetite,polyuria,,,,,,,,
Diabetes mellitus,fatigue,weight_loss,lethargy,irregular_sugar_level,blurred_and_distorted_vision,obesity,excessive_hunger,increased_appetite,polyuria,,,,,,,,
Diabetes mellitus,fatigue,weight_loss,restlessness,irregular_sugar_level,blurred_and_distorted_vision,obesity,excessive_hunger,increased_appetite,polyuria,,,,,,,,
Diabetes mellitus,fatigue,weight_loss,restlessness,lethargy,blurred_and_distorted_vision,obesity,excessive_hunger,increased_appetite,polyuria,,,,,,,,
Diabetes mellitus,fatigue,weight_loss,restlessness,lethargy,irregular_sugar_level,obesity,excessive_hunger,increased_appetite,polyuria,,,,,,,,
Diabetes mellitus,fatigue,weight_loss,restlessness,lethargy,irregular_sugar_level,blurred_and_distorted_vision,excessive_hunger,increased_appetite,polyuria,,,,,,,,
Diabetes mellitus,fatigue,weight_loss,restlessness,lethargy,irregular_sugar_level,blurred_and_distorted_vision,obesity,increased_appetite,polyuria,,,,,,,,
Malaria,chills,vomiting,high_fever,sweating,headache,nausea,muscle_pain,,,,,,,,,,
Malaria,chills,vomiting,high_fever,sweating,headache,nausea,diarrhoea,muscle_pain,,,,,,,,,
Malaria,chills,vomiting,high_fever,sweating,headache,nausea,diarrhoea,muscle_pain,,,,,,,,,
Malaria,vomiting,high_fever,sweating,headache,nausea,diarrhoea,muscle_pain,,,,,,,,,,
Malaria,chills,high_fever,sweating,headache,nausea,diarrhoea,muscle_pain,,,,,,,,,,
Malaria,chills,vomiting,sweating,headache,nausea,diarrhoea,muscle_pain,,,,,,,,,,
Malaria,chills,vomiting,high_fever,headache,nausea,diarrhoea,muscle_pain,,,,,,,,,,
Malaria,chills,vomiting,high_fever,sweating,nausea,diarrhoea,muscle_pain,,,,,,,,,,
Malaria,chills,vomiting,high_fever,sweating,headache,diarrhoea,muscle_pain,,,,,,,,,,
Malaria,chills,vomiting,high_fever,sweating,headache,nausea,muscle_pain,,,,,,,,,,
Typhoid fever,chills,vomiting,fatigue,high_fever,nausea,constipation,abdominal_pain,diarrhoea,toxic_look_(typhos),belly_pain,,,,,,,
Typhoid fever,chills,vomiting,fatigue,high_fever,headache,constipation,abdominal_pain,diarrhoea,toxic_look_(typhos),belly_pain,,,,,,,
Typhoid fever,chills,vomiting,fatigue,high_fever,headache,nausea,abdominal_pain,diarrhoea,toxic_look_(typhos),belly_pain,,,,,,,
Typhoid fever,chills,vomiting,fatigue,high_fever,headache,nausea,constipation,diarrhoea,toxic_look_(typhos),belly_pain,,,,,,,
Typhoid fever,chills,vomiting,fatigue,high_fever,headache,nausea,constipation,abdominal_pain,toxic_look_(typhos),belly_pain,,,,,,,
Typhoid fever,chills,vomiting,fatigue,high_fever,headache,nausea,constipation,abdominal_pain,diarrhoea,belly_pain,,,,,,,
Typhoid fever,chills,vomiting,fatigue,high_fever,headache,nausea,constipation,abdominal_pain,diarrhoea,toxic_look_(typhos),,,,,,,
Typhoid fever,chills,vomiting,fatigue,high_fever,headache,nausea,constipation,abdominal_pain,diarrhoea,toxic_look_(typhos),belly_pain,,,,,,
Typhoid fever,chills,vomiting,fatigue,high_fever,headache,nausea,constipation,abdominal_pain,diarrhoea,toxic_look_(typhos),belly_pain,,,,,,
Typhoid fever,chills,fatigue,high_fever,headache,nausea,constipation,abdominal_pain,diarrhoea,toxic_look_(typhos),belly_pain,,,,,,,
Pneumonia,chills,fatigue,cough,high_fever,breathlessness,sweating,malaise,chest_pain,fast_heart_rate,rusty_sputum,,,,,,,
Pneumonia,chills,fatigue,cough,high_fever,breathlessness,sweating,malaise,phlegm,chest_pain,fast_heart_rate,rusty_sputum,,,,,,
Pneumonia,chills,fatigue,cough,high_fever,breathlessness,sweating,malaise,phlegm,chest_pain,fast_heart_rate,rusty_sputum,,,,,,
Pneumonia,fatigue,cough,high_fever,breathlessness,sweating,malaise,phlegm,chest_pain,fast_heart_rate,rusty_sputum,,,,,,,
Pneumonia,chills,cough,high_fever,breathlessness,sweating,malaise,phlegm,chest_pain,fast_heart_rate,rusty_sputum,,,,,,,
Pneumonia,chills,fatigue,high_fever,breathlessness,sweating,malaise,phlegm,chest_pain,fast_heart_rate,rusty_sputum,,,,,,,
Pneumonia,chills,fatigue,cough,breathlessness,sweating,malaise,phlegm,chest_pain,fast_heart_rate,rusty_sputum,,,,,,,
Pneumonia,chills,fatigue,cough,high_fever,sweating,malaise,phlegm,chest_pain,fast_heart_rate,rusty_sputum,,,,,,,
Pneumonia,chills,fatigue,cough,high_fever,breathlessness,malaise,phlegm,chest_pain,fast_heart_rate,rusty_sputum,,,,,,,
Pneumonia,chills,fatigue,cough,high_fever,breathlessness,sweating,phlegm,chest_pain,fast_heart_rate,rusty_sputum,,,,,,,
Diabetes mellitus,fatigue,weight_loss,restlessness,lethargy,irregular_sugar_level,blurred_and_distorted_vision,obesity,excessive_hunger,increased_appetite,polyuria,,,,,,,
Diabetes mellitus,fatigue,weight_loss,restlessness,lethargy,irregular_sugar_level,blurred_and_distorted_vision,obesity,excessive_hunger,increased_appetite,polyuria,,,,,,,
Diabetes mellitus,weight_loss,restlessness,lethargy,irregular_sugar_level,blurred_and_distorted_vision,obesity,excessive_hunger,increased_appetite,polyuria,,,,,,,,
Diabetes mellitus,fatigue,restlessness,lethargy,irregular_sugar_level,blurred_and_distorted_vision,obesity,excessive_hunger,increased_appetite,polyuria,,,,,,,,
Diabetes mellitus,fatigue,weight_loss,lethargy,irregular_sugar_level,blurred_and_distorted_vision,obesity,excessive_hunger,increased_appetite,polyuria,,,,,,,,
Diabetes mellitus,fatigue,weight_loss,restlessness,irregular_sugar_level,blurred_and_distorted_vision,obesity,excessive_hunger,increased_appetite,polyuria,,,,,,,,
Diabetes mellitus,fatigue,weight_loss,restlessness,lethargy,blurred_and_distorted_vision,obesity,excessive_hunger,increased_appetite,polyuria,,,,,,,,
Diabetes mellitus,fatigue,weight_loss,restlessness,lethargy,irregular_sugar_level,obesity,excessive_hunger,increased_appetite,polyuria,,,,,,,,
Diabetes mellitus,fatigue,weight_loss,restlessness,lethargy,irregular_sugar_level,blurred_and_distorted_vision,excessive_hunger,increased_appetite,polyuria,,,,,,,,
Diabetes mellitus,fatigue,weight_loss,restlessness,lethargy,irregular_sugar_level,blurred_and_distorted_vision,obesity,increased_appetite,polyuria,,,,,,,,
Malaria,chills,vomiting,high_fever,sweating,headache,nausea,muscle_pain,,,,,,,,,,
Malaria,chills,vomiting,high_fever,sweating,headache,nausea,diarrhoea,muscle_pain,,,,,,,,,
Malaria,chills,vomiting,high_fever,sweating,headache,nausea,diarrhoea,muscle_pain,,,,,,,,,
Malaria,vomiting,high_fever,sweating,headache,nausea,diarrhoea,muscle_pain,,,,,,,,,,
Malaria,chills,high_fever,sweating,headache,nausea,diarrhoea,muscle_pain,,,,,,,,,,
Malaria,chills,vomiting,sweating,headache,nausea,diarrhoea,muscle_pain,,,,,,,,,,
Malaria,chills,vomiting,high_fever,headache,nausea,diarrhoea,muscle_pain,,,,,,,,,,
Malaria,chills,vomiting,high_fever,sweating,nausea,diarrhoea,muscle_pain,,,,,,,,,,
Malaria,chills,vomiting,high_fever,sweating,headache,diarrhoea,muscle_pain,,,,,,,,,,
Malaria,chills,vomiting,high_fever,sweating,headache,nausea,muscle_pain,,,,,,,,,,
Typhoid fever,chills,vomiting,fatigue,high_fever,nausea,constipation,abdominal_pain,diarrhoea,toxic_look_(typhos),belly_pain,,,,,,,
Typhoid fever,chills,vomiting,fatigue,high_fever,headache,constipation,abdominal_pain,diarrhoea,toxic_look_(typhos),belly_pain,,,,,,,
Typhoid fever,chills,vomiting,fatigue,high_fever,headache,nausea,abdominal_pain,diarrhoea,toxic_look_(typhos),belly_pain,,,,,,,
Typhoid fever,chills,vomiting,fatigue,high_fever,headache,nausea,constipation,diarrhoea,toxic_look_(typhos),belly_pain,,,,,,,
Typhoid fever,chills,vomiting,fatigue,high_fever,headache,nausea,constipation,abdominal_pain,toxic_look_(typhos),belly_pain,,,,,,,
Typhoid fever,chills,vomiting,fatigue,high_fever,headache,nausea,constipation,abdominal_pain,diarrhoea,belly_pain,,,,,,,
Typhoid fever,chills,vomiting,fatigue,high_fever,headache,nausea,constipation,abdominal_pain,diarrhoea,toxic_look_(typhos),,,,,,,
Typhoid fever,chills,vomiting,fatigue,high_fever,headache,nausea,constipation,abdominal_pain,diarrhoea,toxic_look_(typhos),belly_pain,,,,,,
Typhoid fever,chills,vomiting,fatigue,high_fever,headache,nausea,constipation,abdominal_pain,diarrhoea,toxic_look_(typhos),belly_pain,,,,,,
Typhoid fever,chills,fatigue,high_fever,headache,nausea,constipation,abdominal_pain,diarrhoea,toxic_look_(typhos),belly_pain,,,,,,,
Pneumonia,chills,fatigue,cough,high_fever,breathlessness,sweating,malaise,chest_pain,fast_heart_rate,rusty_sputum,,,,,,,
Pneumonia,chills,fatigue,cough,high_fever,breathlessness,sweating,malaise,phlegm,chest_pain,fast_heart_rate,rusty_sputum,,,,,,
Pneumonia,chills,fatigue,cough,high_fever,breathlessness,sweating,malaise,phlegm,chest_pain,fast_heart_rate,rusty_sputum,,,,,,
Pneumonia,fatigue,cough,high_fever,breathlessness,sweating,malaise,phlegm,chest_pain,fast_heart_rate,rusty_sputum,,,,,,,
Pneumonia,chills,cough,high_fever,breathlessness,sweating,malaise,phlegm,chest_pain,fast_heart_rate,rusty_sputum,,,,,,,
Pneumonia,chills,fatigue,high_fever,breathlessness,sweating,malaise,phlegm,chest_pain,fast_heart_rate,rusty_sputum,,,,,,,
Pneumonia,chills,fatigue,cough,breathlessness,sweating,malaise,phlegm,chest_pain,fast_heart_rate,rusty_sputum,,,,,,,
Pneumonia,chills,fatigue,cough,high_fever,sweating,malaise,phlegm,chest_pain,fast_heart_rate,rusty_sputum,,,,,,,
Pneumonia,chills,fatigue,cough,high_fever,breathlessness,malaise,phlegm,chest_pain,fast_heart_rate,rusty_sputum,,,,,,,
Pneumonia,chills,fatigue,cough,high_fever,breathlessness,sweating,phlegm,chest_pain,fast_heart_rate,rusty_sputum,,,,,,,
Diabetes mellitus,fatigue,weight_loss,restlessness,lethargy,irregular_sugar_level,blurred_and_distorted_vision,obesity,excessive_hunger,increased_appetite,polyuria,,,,,,,
Diabetes mellitus,fatigue,weight_loss,restlessness,lethargy,irregular_sugar_level,blurred_and_distorted_vision,obesity,excessive_hunger,increased_appetite,polyuria,,,,,,,
Diabetes mellitus,weight_loss,restlessness,lethargy,irregular_sugar_level,blurred_and_distorted_vision,obesity,excessive_hunger,increased_appetite,polyuria,,,,,,,,
Diabetes mellitus,fatigue,restlessness,lethargy,irregular_sugar_level,blurred_and_distorted_vision,obesity,excessive_hunger,increased_appetite,polyuria,,,,,,,,
Diabetes mellitus,fatigue,weight_loss,lethargy,irregular_sugar_level,blurred_and_distorted_vision,obesity,excessive_hunger,increased_appetite,polyuria,,,,,,,,
Diabetes mellitus,fatigue,weight_loss,restlessness,irregular_sugar_level,blurred_and_distorted_vision,obesity,excessive_hunger,increased_appetite,polyuria,,,,,,,,
Diabetes mellitus,fatigue,weight_loss,restlessness,lethargy,blurred_and_distorted_vision,obesity,excessive_hunger,increased_appetite,polyuria,,,,,,,,
Diabetes mellitus,fatigue,weight_loss,restlessness,lethargy,irregular_sugar_level,obesity,excessive_hunger,increased_appetite,polyuria,,,,,,,,
Diabetes mellitus,fatigue,weight_loss,restlessness,lethargy,irregular_sugar_level,blurred_and_distorted_vision,excessive_hunger,increased_appetite,polyuria,,,,,,,,
Diabetes mellitus,fatigue,weight_loss,restlessness,lethargy,irregular_sugar_level,blurred_and_distorted_vision,obesity,increased_appetite,polyuria,,,,,,,,
Malaria,chills,vomiting,high_fever,sweating,headache,nausea,muscle_pain,,,,,,,,,,
Malaria,chills,vomiting,high_fever,sweating,headache,nausea,diarrhoea,muscle_pain,,,,,,,,,
Malaria,chills,vomiting,high_fever,sweating,headache,nausea,diarrhoea,muscle_pain,,,,,,,,,
Malaria,vomiting,high_fever,sweating,headache,nausea,diarrhoea,muscle_pain,,,,,,,,,,
Malaria,chills,high_fever,sweating,headache,nausea,diarrhoea,muscle_pain,,,,,,,,,,
Malaria,chills,vomiting,sweating,headache,nausea,diarrhoea,muscle_pain,,,,,,,,,,
Malaria,chills,vomiting,high_fever,headache,nausea,diarrhoea,muscle_pain,,,,,,,,,,
Malaria,chills,vomiting,high_fever,sweating,nausea,diarrhoea,muscle_pain,,,,,,,,,,
Malaria,chills,vomiting,high_fever,sweating,headache,diarrhoea,muscle_pain,,,,,,,,,,
Malaria,chills,vomiting,high_fever,sweating,headache,nausea,muscle_pain,,,,,,,,,,
Typhoid fever,chills,vomiting,fatigue,high_fever,nausea,constipation,abdominal_pain,diarrhoea,toxic_look_(typhos),belly_pain,,,,,,,
Typhoid fever,chills,vomiting,fatigue,high_fever,headache,constipation,abdominal_pain,diarrhoea,toxic_look_(typhos),belly_pain,,,,,,,
Typhoid fever,chills,vomiting,fatigue,high_fever,headache,nausea,abdominal_pain,diarrhoea,toxic_look_(typhos),belly_pain,,,,,,,
Typhoid fever,chills,vomiting,fatigue,high_fever,headache,nausea,constipation,diarrhoea,toxic_look_(typhos),belly_pain,,,,,,,
Typhoid fever,chills,vomiting,fatigue,high_fever,headache,nausea,constipation,abdominal_pain,toxic_look_(typhos),belly_pain,,,,,,,
Typhoid fever,chills,vomiting,fatigue,high_fever,headache,nausea,constipation,abdominal_pain,diarrhoea,belly_pain,,,,,,,
Typhoid fever,chills,vomiting,fatigue,high_fever,headache,nausea,constipation,abdominal_pain,diarrhoea,toxic_look_(typhos),,,,,,,
Typhoid fever,chills,vomiting,fatigue,high_fever,headache,nausea,constipation,abdominal_pain,diarrhoea,toxic_look_(typhos),belly_pain,,,,,,
Typhoid fever,chills,vomiting,fatigue,high_fever,headache,nausea,constipation,abdominal_pain,diarrhoea,toxic_look_(typhos),belly_pain,,,,,,
Typhoid fever,chills,fatigue,high_fever,headache,nausea,constipation,abdominal_pain,diarrhoea,toxic_look_(typhos),belly_pain,,,,,,,
Pneumonia,chills,fatigue,cough,high_fever,breathlessness,sweating,malaise,chest_pain,fast_heart_rate,rusty_sputum,,,,,,,
Pneumonia,chills,fatigue,cough,high_fever,breathlessness,sweating,malaise,phlegm,chest_pain,fast_heart_rate,rusty_sputum,,,,,,
Pneumonia,chills,fatigue,cough,high_fever,breathlessness,sweating,malaise,phlegm,chest_pain,fast_heart_rate,rusty_sputum,,,,,,
Pneumonia,fatigue,cough,high_fever,breathlessness,sweating,malaise,phlegm,chest_pain,fast_heart_rate,rusty_sputum,,,,,,,
Pneumonia,chills,cough,high_fever,breathlessness,sweating,malaise,phlegm,chest_pain,fast_heart_rate,rusty_sputum,,,,,,,
Pneumonia,chills,fatigue,high_fever,breathlessness,sweating,malaise,phlegm,chest_pain,fast_heart_rate,rusty_sputum,,,,,,,
Pneumonia,chills,fatigue,cough,breathlessness,sweating,malaise,phlegm,chest_pain,fast_heart_rate,rusty_sputum,,,,,,,
Pneumonia,chills,fatigue,cough,high_fever,sweating,malaise,phlegm,chest_pain,fast_heart_rate,rusty_sputum,,,,,,,
Pneumonia,chills,fatigue,cough,high_fever,breathlessness,malaise,phlegm,chest_pain,fast_heart_rate,rusty_sputum,,,,,,,
Pneumonia,chills,fatigue,cough,high_fever,breathlessness,sweating,phlegm,chest_pain,fast_heart_rate,rusty_sputum,,,,,,,
Diabetes mellitus,fatigue,weight_loss,restlessness,lethargy,irregular_sugar_level,blurred_and_distorted_vision,obesity,excessive_hunger,increased_appetite,polyuria,,,,,,,
Diabetes mellitus,fatigue,weight_loss,restlessness,lethargy,irregular_sugar_level,blurred_and_distorted_vision,obesity,excessive_hunger,increased_appetite,polyuria,,,,,,,
Diabetes mellitus,weight_loss,restlessness,lethargy,irregular_sugar_level,blurred_and_distorted_vision,obesity,excessive_hunger,increased_appetite,polyuria,,,,,,,,
Diabetes mellitus,fatigue,restlessness,lethargy,irregular_sugar_level,blurred_and_distorted_vision,obesity,excessive_hunger,increased_appetite,polyuria,,,,,,,,
Diabetes mellitus,fatigue,weight_loss,lethargy,irregular_sugar_level,blurred_and_distorted_vision,obesity,excessive_hunger,increased_appetite,polyuria,,,,,,,,
Diabetes mellitus,fatigue,weight_loss,restlessness,irregular_sugar_level,blurred_and_distorted_vision,obesity,excessive_hunger,increased_appetite,polyuria,,,,,,,,
Diabetes mellitus,fatigue,weight_loss,restlessness,lethargy,blurred_and_distorted_vision,obesity,excessive_hunger,increased_appetite,polyuria,,,,,,,,
Diabetes mellitus,fatigue,weight_loss,restlessness,lethargy,irregular_sugar_level,obesity,excessive_hunger,increased_appetite,polyuria,,,,,,,,
Diabetes mellitus,fatigue,weight_loss,restlessness,lethargy,irregular_sugar_level,blurred_and_distorted_vision,excessive_hunger,increased_appetite,polyuria,,,,,,,,
Diabetes mellitus,fatigue,weight_loss,restlessness,lethargy,irregular_sugar_level,blurred_and_distorted_vision,obesity,increased_appetite,polyuria,,,,,,,,
Malaria,chills,vomiting,high_fever,sweating,headache,nausea,muscle_pain,,,,,,,,,,
Malaria,chills,vomiting,high_fever,sweating,headache,nausea,diarrhoea,muscle_pain,,,,,,,,,
Malaria,chills,vomiting,high_fever,sweating,headache,nausea,diarrhoea,muscle_pain,,,,,,,,,
Malaria,vomiting,high_fever,sweating,headache,nausea,diarrhoea,muscle_pain,,,,,,,,,,
Malaria,chills,high_fever,sweating,headache,nausea,diarrhoea,muscle_pain,,,,,,,,,,
Malaria,chills,vomiting,sweating,headache,nausea,diarrhoea,muscle_pain,,,,,,,,,,
Malaria,chills,vomiting,high_fever,headache,nausea,diarrhoea,muscle_pain,,,,,,,,,,
Malaria,chills,vomiting,high_fever,sweating,nausea,diarrhoea,muscle_pain,,,,,,,,,,
Malaria,chills,vomiting,high_fever,sweating,headache,diarrhoea,muscle_pain,,,,,,,,,,
Malaria,chills,vomiting,high_fever,sweating,headache,nausea,muscle_pain,,,,,,,,,,
Typhoid fever,chills,vomiting,fatigue,high_fever,nausea,constipation,abdominal_pain,diarrhoea,toxic_look_(typhos),belly_pain,,,,,,,
Typhoid fever,chills,vomiting,fatigue,high_fever,headache,constipation,abdominal_pain,diarrhoea,toxic_look_(typhos),belly_pain,,,,,,,
Typhoid fever,chills,vomiting,fatigue,high_fever,headache,nausea,abdominal_pain,diarrhoea,toxic_look_(typhos),belly_pain,,,,,,,
Typhoid fever,chills,vomiting,fatigue,high_fever,headache,nausea,constipation,diarrhoea,toxic_look_(typhos),belly_pain,,,,,,,
Typhoid fever,chills,vomiting,fatigue,high_fever,headache,nausea,constipation,abdominal_pain,toxic_look_(typhos),belly_pain,,,,,,,
Typhoid fever,chills,vomiting,fatigue,high_fever,headache,nausea,constipation,abdominal_pain,diarrhoea,belly_pain,,,,,,,
Typhoid fever,chills,vomiting,fatigue,high_fever,headache,nausea,constipation,abdominal_pain,diarrhoea,toxic_look_(typhos),,,,,,,
Typhoid fever,chills,vomiting,fatigue,high_fever,headache,nausea,constipation,abdominal_pain,diarrhoea,toxic_look_(typhos),belly_pain,,,,,,
Typhoid fever,chills,vomiting,fatigue,high_fever,headache,nausea,constipation,abdominal_pain,diarrhoea,toxic_look_(typhos),belly_pain,,,,,,
Typhoid fever,chills,fatigue,high_fever,headache,nausea,constipation,abdominal_pain,diarrhoea,toxic_look_(typhos),belly_pain,,,,,,,
Pneumonia,chills,fatigue,cough,high_fever,breathlessness,sweating,malaise,chest_pain,fast_heart_rate,rusty_sputum,,,,,,,
Pneumonia,chills,fatigue,cough,high_fever,breathlessness,sweating,malaise,phlegm,chest_pain,fast_heart_rate,rusty_sputum,,,,,,
Pneumonia,chills,fatigue,cough,high_fever,breathlessness,sweating,malaise,phlegm,chest_pain,fast_heart_rate,rusty_sputum,,,,,,
Pneumonia,fatigue,cough,high_fever,breathlessness,sweating,malaise,phlegm,chest_pain,fast_heart_rate,rusty_sputum,,,,,,,
Pneumonia,chills,cough,high_fever,breathlessness,sweating,malaise,phlegm,chest_pain,fast_heart_rate,rusty_sputum,,,,,,,
Pneumonia,chills,fatigue,high_fever,breathlessness,sweating,malaise,phlegm,chest_pain,fast_heart_rate,rusty_sputum,,,,,,,
Pneumonia,chills,fatigue,cough,breathlessness,sweating,malaise,phlegm,chest_pain,fast_heart_rate,rusty_sputum,,,,,,,
Pneumonia,chills,fatigue,cough,high_fever,sweating,malaise,phlegm,chest_pain,fast_heart_rate,rusty_sputum,,,,,,,
Pneumonia,chills,fatigue,cough,high_fever,breathlessness,malaise,phlegm,chest_pain,fast_heart_rate,rusty_sputum,,,,,,,
Pneumonia,chills,fatigue,cough,high_fever,breathlessness,sweating,phlegm,chest_pain,fast_heart_rate,rusty_sputum,,,,,,,
Diabetes mellitus,fatigue,weight_loss,restlessness,lethargy,irregular_sugar_level,blurred_and_distorted_vision,obesity,excessive_hunger,increased_appetite,polyuria,,,,,,,
Diabetes mellitus,fatigue,weight_loss,restlessness,lethargy,irregular_sugar_level,blurred_and_distorted_vision,obesity,excessive_hunger,increased_appetite,polyuria,,,,,,,
Diabetes mellitus,weight_loss,restlessness,lethargy,irregular_sugar_level,blurred_and_distorted_vision,obesity,excessive_hunger,increased_appetite,polyuria,,,,,,,,
Diabetes mellitus,fatigue,restlessness,lethargy,irregular_sugar_level,blurred_and_distorted_vision,obesity,excessive_hunger,increased_appetite,polyuria,,,,,,,,
Diabetes mellitus,fatigue,weight_loss,lethargy,irregular_sugar_level,blurred_and_distorted_vision,obesity,excessive_hunger,increased_appetite,polyuria,,,,,,,,
Diabetes mellitus,fatigue,weight_loss,restlessness,irregular_sugar_level,blurred_and_distorted_vision,obesity,excessive_hunger,increased_appetite,polyuria,,,,,,,,
Diabetes mellitus,fatigue,weight_loss,restlessness,lethargy,blurred_and_distorted_vision,obesity,excessive_hunger,increased_appetite,polyuria,,,,,,,,
Diabetes mellitus,fatigue,weight_loss,restlessness,lethargy,irregular_sugar_level,obesity,excessive_hunger,increased_appetite,polyuria,,,,,,,,
Diabetes mellitus,fatigue,weight_loss,restlessness,lethargy,irregular_sugar_level,blurred_and_distorted_vision,excessive_hunger,increased_appetite,polyuria,,,,,,,,
Diabetes mellitus,fatigue,weight_loss,restlessness,lethargy,irregular_sugar_level,blurred_and_distorted_vision,obesity,increased_appetite,polyuria,,,,,,,,
Malaria,chills,vomiting,high_fever,sweating,headache,nausea,muscle_pain,,,,,,,,,,
Malaria,chills,vomiting,high_fever,sweating,headache,nausea,diarrhoea,muscle_pain,,,,,,,,,
Malaria,chills,vomiting,high_fever,sweating,headache,nausea,diarrhoea,muscle_pain,,,,,,,,,
Malaria,vomiting,high_fever,sweating,headache,nausea,diarrhoea,muscle_pain,,,,,,,,,,
Malaria,chills,high_fever,sweating,headache,nausea,diarrhoea,muscle_pain,,,,,,,,,,
Malaria,chills,vomiting,sweating,headache,nausea,diarrhoea,muscle_pain,,,,,,,,,,
Malaria,chills,vomiting,high_fever,headache,nausea,diarrhoea,muscle_pain,,,,,,,,,,
Malaria,chills,vomiting,high_fever,sweating,nausea,diarrhoea,muscle_pain,,,,,,,,,,
Malaria,chills,vomiting,high_fever,sweating,headache,diarrhoea,muscle_pain,,,,,,,,,,
Malaria,chills,vomiting,high_fever,sweating,headache,nausea,muscle_pain,,,,,,,,,,
Typhoid fever,chills,vomiting,fatigue,high_fever,nausea,constipation,abdominal_pain,diarrhoea,toxic_look_(typhos),belly_pain,,,,,,,
Typhoid fever,chills,vomiting,fatigue,high_fever,headache,constipation,abdominal_pain,diarrhoea,toxic_look_(typhos),belly_pain,,,,,,,
Typhoid fever,chills,vomiting,fatigue,high_fever,headache,nausea,abdominal_pain,diarrhoea,toxic_look_(typhos),belly_pain,,,,,,,
Typhoid fever,chills,vomiting,fatigue,high_fever,headache,nausea,constipation,diarrhoea,toxic_look_(typhos),belly_pain,,,,,,,
Typhoid fever,chills,vomiting,fatigue,high_fever,headache,nausea,constipation,abdominal_pain,toxic_look_(typhos),belly_pain,,,,,,,
Typhoid fever,chills,vomiting,fatigue,high_fever,headache,nausea,constipation,abdominal_pain,diarrhoea,belly_pain,,,,,,,
Typhoid fever,chills,vomiting,fatigue,high_fever,headache,nausea,constipation,abdominal_pain,diarrhoea,toxic_look_(typhos),,,,,,,
Typhoid fever,chills,vomiting,fatigue,high_fever,headache,nausea,constipation,abdominal_pain,diarrhoea,toxic_look_(typhos),belly_pain,,,,,,
Typhoid fever,chills,vomiting,fatigue,high_fever,headache,nausea,constipation,abdominal_pain,diarrhoea,toxic_look_(typhos),belly_pain,,,,,,
Typhoid fever,chills,fatigue,high_fever,headache,nausea,constipation,abdominal_pain,diarrhoea,toxic_look_(typhos),belly_pain,,,,,,,
Pneumonia,chills,fatigue,cough,high_fever,breathlessness,sweating,malaise,chest_pain,fast_heart_rate,rusty_sputum,,,,,,,
Pneumonia,chills,fatigue,cough,high_fever,breathlessness,sweating,malaise,phlegm,chest_pain,fast_heart_rate,rusty_sputum,,,,,,
Pneumonia,chills,fatigue,cough,high_fever,breathlessness,sweating,malaise,phlegm,chest_pain,fast_heart_rate,rusty_sputum,,,,,,
Pneumonia,fatigue,cough,high_fever,breathlessness,sweating,malaise,phlegm,chest_pain,fast_heart_rate,rusty_sputum,,,,,,,
Pneumonia,chills,cough,high_fever,breathlessness,sweating,malaise,phlegm,chest_pain,fast_heart_rate,rusty_sputum,,,,,,,
Pneumonia,chills,fatigue,high_fever,breathlessness,sweating,malaise,phlegm,chest_pain,fast_heart_rate,rusty_sputum,,,,,,,
Pneumonia,chills,fatigue,cough,breathlessness,sweating,malaise,phlegm,chest_pain,fast_heart_rate,rusty_sputum,,,,,,,
Pneumonia,chills,fatigue,cough,high_fever,sweating,malaise,phlegm,chest_pain,fast_heart_rate,rusty_sputum,,,,,,,
Pneumonia,chills,fatigue,cough,high_fever,breathlessness,malaise,phlegm,chest_pain,fast_heart_rate,rusty_sputum,,,,,,,
Pneumonia,chills,fatigue,cough,high_fever,breathlessness,sweating,phlegm,chest_pain,fast_heart_rate,rusty_sputum,,,,,,,
Diabetes mellitus,fatigue,weight_loss,restlessness,lethargy,irregular_sugar_level,blurred_and_distorted_vision,obesity,excessive_hunger,increased_appetite,polyuria,,,,,,,
Diabetes mellitus,fatigue,weight_loss,restlessness,lethargy,irregular_sugar_level,blurred_and_distorted_vision,obesity,excessive_hunger,increased_appetite,polyuria,,,,,,,
Diabetes mellitus,weight_loss,restlessness,lethargy,irregular_sugar_level,blurred_and_distorted_vision,obesity,excessive_hunger,increased_appetite,polyuria,,,,,,,,
Diabetes mellitus,fatigue,restlessness,lethargy,irregular_sugar_level,blurred_and_distorted_vision,obesity,excessive_hunger,increased_appetite,polyuria,,,,,,,,
Diabetes mellitus,fatigue,weight_loss,lethargy,irregular_sugar_level,blurred_and_distorted_vision,obesity,excessive_hunger,increased_appetite,polyuria,,,,,,,,
Diabetes mellitus,fatigue,weight_loss,restlessness,irregular_sugar_level,blurred_and_distorted_vision,obesity,excessive_hunger,increased_appetite,polyuria,,,,,,,,
Diabetes mellitus,fatigue,weight_loss,restlessness,lethargy,blurred_and_distorted_vision,obesity,excessive_hunger,increased_appetite,polyuria,,,,,,,,
Diabetes mellitus,fatigue,weight_loss,restlessness,lethargy,irregular_sugar_level,obesity,excessive_hunger,increased_appetite,polyuria,,,,,,,,
Diabetes mellitus,fatigue,weight_loss,restlessness,lethargy,irregular_sugar_level,blurred_and_distorted_vision,excessive_hunger,increased_appetite,polyuria,,,,,,,,
Diabetes mellitus,fatigue,weight_loss,restlessness,lethargy,irregular_sugar_level,blurred_and_distorted_vision,obesity,increased_appetite,polyuria,,,,,,,,
Malaria,chills,vomiting,high_fever,sweating,headache,nausea,muscle_pain,,,,,,,,,,
Malaria,chills,vomiting,high_fever,sweating,headache,nausea,diarrhoea,muscle_pain,,,,,,,,,
Malaria,chills,vomiting,high_fever,sweating,headache,nausea,diarrhoea,muscle_pain,,,,,,,,,
Malaria,vomiting,high_fever,sweating,headache,nausea,diarrhoea,muscle_pain,,,,,,,,,,
Malaria,chills,high_fever,sweating,headache,nausea,diarrhoea,muscle_pain,,,,,,,,,,
Malaria,chills,vomiting,sweating,headache,nausea,diarrhoea,muscle_pain,,,,,,,,,,
Malaria,chills,vomiting,high_fever,headache,nausea,diarrhoea,muscle_pain,,,,,,,,,,
Malaria,chills,vomiting,high_fever,sweating,nausea,diarrhoea,muscle_pain,,,,,,,,,,
Malaria,chills,vomiting,high_fever,sweating,headache,diarrhoea,muscle_pain,,,,,,,,,,
Malaria,chills,vomiting,high_fever,sweating,headache,nausea,muscle_pain,,,,,,,,,,
Typhoid fever,chills,vomiting,fatigue,high_fever,nausea,constipation,abdominal_pain,diarrhoea,toxic_look_(typhos),belly_pain,,,,,,,
Typhoid fever,chills,vomiting,fatigue,high_fever,headache,constipation,abdominal_pain,diarrhoea,toxic_look_(typhos),belly_pain,,,,,,,
Typhoid fever,chills,vomiting,fatigue,high_fever,headache,nausea,abdominal_pain,diarrhoea,toxic_look_(typhos),belly_pain,,,,,,,
Typhoid fever,chills,vomiting,fatigue,high_fever,headache,nausea,constipation,diarrhoea,toxic_look_(typhos),belly_pain,,,,,,,
Typhoid fever,chills,vomiting,fatigue,high_fever,headache,nausea,constipation,abdominal_pain,toxic_look_(typhos),belly_pain,,,,,,,
Typhoid fever,chills,vomiting,fatigue,high_fever,headache,nausea,constipation,abdominal_pain,diarrhoea,belly_pain,,,,,,,
Typhoid fever,chills,vomiting,fatigue,high_fever,headache,nausea,constipation,abdominal_pain,diarrhoea,toxic_look_(typhos),,,,,,,
Typhoid fever,chills,vomiting,fatigue,high_fever,headache,nausea,constipation,abdominal_pain,diarrhoea,toxic_look_(typhos),belly_pain,,,,,,
Typhoid fever,chills,vomiting,fatigue,high_fever,headache,nausea,constipation,abdominal_pain,diarrhoea,toxic_look_(typhos),belly_pain,,,,,,
Typhoid fever,chills,fatigue,high_fever,headache,nausea,constipation,abdominal_pain,diarrhoea,toxic_look_(typhos),belly_pain,,,,,,,
Pneumonia,chills,fatigue,cough,high_fever,breathlessness,sweating,malaise,chest_pain,fast_heart_rate,rusty_sputum,,,,,,,
Pneumonia,chills,fatigue,cough,high_fever,breathlessness,sweating,malaise,phlegm,chest_pain,fast_heart_rate,rusty_sputum,,,,,,
Pneumonia,chills,fatigue,cough,high_fever,breathlessness,sweating,malaise,phlegm,chest_pain,fast_heart_rate,rusty_sputum,,,,,,
Pneumonia,fatigue,cough,high_fever,breathlessness,sweating,malaise,phlegm,chest_pain,fast_heart_rate,rusty_sputum,,,,,,,
Pneumonia,chills,cough,high_fever,breathlessness,sweating,malaise,phlegm,chest_pain,fast_heart_rate,rusty_sputum,,,,,,,
Pneumonia,chills,fatigue,high_fever,breathlessness,sweating,malaise,phlegm,chest_pain,fast_heart_rate,rusty_sputum,,,,,,,
Pneumonia,chills,fatigue,cough,breathlessness,sweating,malaise,phlegm,chest_pain,fast_heart_rate,rusty_sputum,,,,,,,
Pneumonia,chills,fatigue,cough,high_fever,sweating,malaise,phlegm,chest_pain,fast_heart_rate,rusty_sputum,,,,,,,
Pneumonia,chills,fatigue,cough,high_fever,breathlessness,malaise,phlegm,chest_pain,fast_heart_rate,rusty_sputum,,,,,,,
Pneumonia,chills,fatigue,cough,high_fever,breathlessness,sweating,phlegm,chest_pain,fast_heart_rate,rusty_sputum,,,,,,,
Diabetes mellitus,fatigue,weight_loss,restlessness,lethargy,irregular_sugar_level,blurred_and_distorted_vision,obesity,excessive_hunger,increased_appetite,polyuria,,,,,,,
Malaria,chills,vomiting,high_fever,sweating,headache,nausea,diarrhoea,muscle_pain,,,,,,,,,
Typhoid fever,chills,vomiting,fatigue,high_fever,headache,nausea,constipation,abdominal_pain,diarrhoea,toxic_look_(typhos),belly_pain,,,,,,
Pneumonia,chills,fatigue,cough,high_fever,breathlessness,sweating,malaise,phlegm,chest_pain,fast_heart_rate,rusty_sputum,,,,,,
Diabetes mellitus,fatigue,weight_loss,restlessness,lethargy,irregular_sugar_level,blurred_and_distorted_vision,obesity,excessive_hunger,increased_appetite,polyuria,,,,,,,
Malaria,chills,vomiting,high_fever,sweating,headache,nausea,diarrhoea,muscle_pain,,,,,,,,,
Typhoid fever,chills,vomiting,fatigue,high_fever,headache,nausea,constipation,abdominal_pain,diarrhoea,toxic_look_(typhos),belly_pain,,,,,,
Pneumonia,chills,fatigue,cough,high_fever,breathlessness,sweating,malaise,phlegm,chest_pain,fast_heart_rate,rusty_sputum,,,,,,
Diabetes mellitus,fatigue,weight_loss,restlessness,lethargy,irregular_sugar_level,blurred_and_distorted_vision,obesity,excessive_hunger,increased_appetite,polyuria,,,,,,,
Malaria,chills,vomiting,high_fever,sweating,headache,nausea,diarrhoea,muscle_pain,,,,,,,,,
Typhoid fever,chills,vomiting,fatigue,high_fever,headache,nausea,constipation,abdominal_pain,diarrhoea,toxic_look_(typhos),belly_pain,,,,,,
Pneumonia,chills,fatigue,cough,high_fever,breathlessness,sweating,malaise,phlegm,chest_pain,fast_heart_rate,rusty_sputum,,,,,,
Diabetes mellitus,fatigue,weight_loss,restlessness,lethargy,irregular_sugar_level,blurred_and_distorted_vision,obesity,excessive_hunger,increased_appetite,polyuria,,,,,,,
Malaria,chills,vomiting,high_fever,sweating,headache,nausea,diarrhoea,muscle_pain,,,,,,,,,
Typhoid fever,chills,vomiting,fatigue,high_fever,headache,nausea,constipation,abdominal_pain,diarrhoea,toxic_look_(typhos),belly_pain,,,,,,
Pneumonia,chills,fatigue,cough,high_fever,breathlessness,sweating,malaise,phlegm,chest_pain,fast_heart_rate,rusty_sputum,,,,,,
Diabetes mellitus,fatigue,weight_loss,restlessness,lethargy,irregular_sugar_level,blurred_and_distorted_vision,obesity,excessive_hunger,increased_appetite,polyuria,,,,,,,
Malaria,chills,vomiting,high_fever,sweating,headache,nausea,diarrhoea,muscle_pain,,,,,,,,,
Typhoid fever,chills,vomiting,fatigue,high_fever,headache,nausea,constipation,abdominal_pain,diarrhoea,toxic_look_(typhos),belly_pain,,,,,,
Pneumonia,chills,fatigue,cough,high_fever,breathlessness,sweating,malaise,phlegm,chest_pain,fast_heart_rate,rusty_sputum,,,,,,
Diabetes mellitus,fatigue,weight_loss,restlessness,lethargy,irregular_sugar_level,blurred_and_distorted_vision,obesity,excessive_hunger,increased_appetite,polyuria,,,,,,,
Malaria,chills,vomiting,high_fever,sweating,headache,nausea,diarrhoea,muscle_pain,,,,,,,,,
Typhoid fever,chills,vomiting,fatigue,high_fever,headache,nausea,constipation,abdominal_pain,diarrhoea,toxic_look_(typhos),belly_pain,,,,,,
Pneumonia,chills,fatigue,cough,high_fever,breathlessness,sweating,malaise,phlegm,chest_pain,fast_heart_rate,rusty_sputum,,,,,,
Diabetes mellitus,fatigue,weight_loss,restlessness,lethargy,irregular_sugar_level,blurred_and_distorted_vision,obesity,excessive_hunger,increased_appetite,polyuria,,,,,,,
Malaria,chills,vomiting,high_fever,sweating,headache,nausea,diarrhoea,muscle_pain,,,,,,,,,
Typhoid fever,chills,vomiting,fatigue,high_fever,headache,nausea,constipation,abdominal_pain,diarrhoea,toxic_look_(typhos),belly_pain,,,,,,
Pneumonia,chills,fatigue,cough,high_fever,breathlessness,sweating,malaise,phlegm,chest_pain,fast_heart_rate,rusty_sputum,,,,,,
Diabetes mellitus,fatigue,weight_loss,restlessness,lethargy,irregular_sugar_level,blurred_and_distorted_vision,obesity,excessive_hunger,increased_appetite,polyuria,,,,,,,
Malaria,chills,vomiting,high_fever,sweating,headache,nausea,diarrhoea,muscle_pain,,,,,,,,,
Typhoid fever,chills,vomiting,fatigue,high_fever,headache,nausea,constipation,abdominal_pain,diarrhoea,toxic_look_(typhos),belly_pain,,,,,,
Pneumonia,chills,fatigue,cough,high_fever,breathlessness,sweating,malaise,phlegm,chest_pain,fast_heart_rate,rusty_sputum,,,,,,
Diabetes mellitus,fatigue,weight_loss,restlessness,lethargy,irregular_sugar_level,blurred_and_distorted_vision,obesity,excessive_hunger,increased_appetite,polyuria,,,,,,,
Malaria,chills,vomiting,high_fever,sweating,headache,nausea,diarrhoea,muscle_pain,,,,,,,,,
Typhoid fever,chills,vomiting,fatigue,high_fever,headache,nausea,constipation,abdominal_pain,diarrhoea,toxic_look_(typhos),belly_pain,,,,,,
Pneumonia,chills,fatigue,cough,high_fever,breathlessness,sweating,malaise,phlegm,chest_pain,fast_heart_rate,rusty_sputum,,,,,,
Diabetes mellitus,fatigue,weight_loss,restlessness,lethargy,irregular_sugar_level,blurred_and_distorted_vision,obesity,excessive_hunger,increased_appetite,polyuria,,,,,,,
Malaria,chills,vomiting,high_fever,sweating,headache,nausea,diarrhoea,muscle_pain,,,,,,,,,
Typhoid fever,chills,vomiting,fatigue,high_fever,headache,nausea,constipation,abdominal_pain,diarrhoea,toxic_look_(typhos),belly_pain,,,,,,
Pneumonia,chills,fatigue,cough,high_fever,breathlessness,sweating,malaise,phlegm,chest_pain,fast_heart_rate,rusty_sputum,,,,,,
Diabetes mellitus,fatigue,weight_loss,restlessness,lethargy,irregular_sugar_level,blurred_and_distorted_vision,obesity,excessive_hunger,increased_appetite,polyuria,,,,,,,
Malaria,chills,vomiting,high_fever,sweating,headache,nausea,diarrhoea,muscle_pain,,,,,,,,,
Typhoid fever,chills,vomiting,fatigue,high_fever,headache,nausea,constipation,abdominal_pain,diarrhoea,toxic_look_(typhos),belly_pain,,,,,,
Pneumonia,chills,fatigue,cough,high_fever,breathlessness,sweating,malaise,phlegm,chest_pain,fast_heart_rate,rusty_sputum,,,,,,
Diabetes mellitus,fatigue,weight_loss,restlessness,lethargy,irregular_sugar_level,blurred_and_distorted_vision,obesity,excessive_hunger,increased_appetite,polyuria,,,,,,,
Malaria,chills,vomiting,high_fever,sweating,headache,nausea,diarrhoea,muscle_pain,,,,,,,,,
Typhoid fever,chills,vomiting,fatigue,high_fever,headache,nausea,constipation,abdominal_pain,diarrhoea,toxic_look_(typhos),belly_pain,,,,,,
Pneumonia,chills,fatigue,cough,high_fever,breathlessness,sweating,malaise,phlegm,chest_pain,fast_heart_rate,rusty_sputum,,,,,,
Diabetes mellitus,fatigue,weight_loss,restlessness,lethargy,irregular_sugar_level,blurred_and_distorted_vision,obesity,excessive_hunger,increased_appetite,polyuria,,,,,,,
Malaria,chills,vomiting,high_fever,sweating,headache,nausea,diarrhoea,muscle_pain,,,,,,,,,
Typhoid fever,chills,vomiting,fatigue,high_fever,headache,nausea,constipation,abdominal_pain,diarrhoea,toxic_look_(typhos),belly_pain,,,,,,
Pneumonia,chills,fatigue,cough,high_fever,breathlessness,sweating,malaise,phlegm,chest_pain,fast_heart_rate,rusty_sputum,,,,,,
Diabetes mellitus,fatigue,weight_loss,restlessness,lethargy,irregular_sugar_level,blurred_and_distorted_vision,obesity,excessive_hunger,increased_appetite,polyuria,,,,,,,
Malaria,chills,vomiting,high_fever,sweating,headache,nausea,diarrhoea,muscle_pain,,,,,,,,,
Typhoid fever,chills,vomiting,fatigue,high_fever,headache,nausea,constipation,abdominal_pain,diarrhoea,toxic_look_(typhos),belly_pain,,,,,,
Pneumonia,chills,fatigue,cough,high_fever,breathlessness,sweating,malaise,phlegm,chest_pain,fast_heart_rate,rusty_sputum,,,,,,
Diabetes mellitus,fatigue,weight_loss,restlessness,lethargy,irregular_sugar_level,blurred_and_distorted_vision,obesity,excessive_hunger,increased_appetite,polyuria,,,,,,,
Malaria,chills,vomiting,high_fever,sweating,headache,nausea,diarrhoea,muscle_pain,,,,,,,,,
Typhoid fever,chills,vomiting,fatigue,high_fever,headache,nausea,constipation,abdominal_pain,diarrhoea,toxic_look_(typhos),belly_pain,,,,,,
Pneumonia,chills,fatigue,cough,high_fever,breathlessness,sweating,malaise,phlegm,chest_pain,fast_heart_rate,rusty_sputum,,,,,,
Diabetes mellitus,fatigue,weight_loss,restlessness,lethargy,irregular_sugar_level,blurred_and_distorted_vision,obesity,excessive_hunger,increased_appetite,polyuria,,,,,,,
Malaria,chills,vomiting,high_fever,sweating,headache,nausea,diarrhoea,muscle_pain,,,,,,,,,
Typhoid fever,chills,vomiting,fatigue,high_fever,headache,nausea,constipation,abdominal_pain,diarrhoea,toxic_look_(typhos),belly_pain,,,,,,
Pneumonia,chills,fatigue,cough,high_fever,breathlessness,sweating,malaise,phlegm,chest_pain,fast_heart_rate,rusty_sputum,,,,,,
Diabetes mellitus,fatigue,weight_loss,restlessness,lethargy,irregular_sugar_level,blurred_and_distorted_vision,obesity,excessive_hunger,increased_appetite,polyuria,,,,,,,
Malaria,chills,vomiting,high_fever,sweating,headache,nausea,diarrhoea,muscle_pain,,,,,,,,,
Typhoid fever,chills,vomiting,fatigue,high_fever,headache,nausea,constipation,abdominal_pain,diarrhoea,toxic_look_(typhos),belly_pain,,,,,,
Pneumonia,chills,fatigue,cough,high_fever,breathlessness,sweating,malaise,phlegm,chest_pain,fast_heart_rate,rusty_sputum,,,,,,
Diabetes mellitus,fatigue,weight_loss,restlessness,lethargy,irregular_sugar_level,blurred_and_distorted_vision,obesity,excessive_hunger,increased_appetite,polyuria,,,,,,,
Malaria,chills,vomiting,high_fever,sweating,headache,nausea,diarrhoea,muscle_pain,,,,,,,,,
Typhoid fever,chills,vomiting,fatigue,high_fever,headache,nausea,constipation,abdominal_pain,diarrhoea,toxic_look_(typhos),belly_pain,,,,,,
Pneumonia,chills,fatigue,cough,high_fever,breathlessness,sweating,malaise,phlegm,chest_pain,fast_heart_rate,rusty_sputum,,,,,,
Diabetes mellitus,fatigue,weight_loss,restlessness,lethargy,irregular_sugar_level,blurred_and_distorted_vision,obesity,excessive_hunger,increased_appetite,polyuria,,,,,,,
Malaria,chills,vomiting,high_fever,sweating,headache,nausea,diarrhoea,muscle_pain,,,,,,,,,
Typhoid fever,chills,vomiting,fatigue,high_fever,headache,nausea,constipation,abdominal_pain,diarrhoea,toxic_look_(typhos),belly_pain,,,,,,
Pneumonia,chills,fatigue,cough,high_fever,breathlessness,sweating,malaise,phlegm,chest_pain,fast_heart_rate,rusty_sputum,,,,,,
Diabetes mellitus,fatigue,weight_loss,restlessness,lethargy,irregular_sugar_level,blurred_and_distorted_vision,obesity,excessive_hunger,increased_appetite,polyuria,,,,,,,
Malaria,chills,vomiting,high_fever,sweating,headache,nausea,diarrhoea,muscle_pain,,,,,,,,,
Typhoid fever,chills,vomiting,fatigue,high_fever,headache,nausea,constipation,abdominal_pain,diarrhoea,toxic_look_(typhos),belly_pain,,,,,,
Pneumonia,chills,fatigue,cough,high_fever,breathlessness,sweating,malaise,phlegm,chest_pain,fast_heart_rate,rusty_sputum,,,,,,
Diabetes mellitus,fatigue,weight_loss,restlessness,lethargy,irregular_sugar_level,blurred_and_distorted_vision,obesity,excessive_hunger,increased_appetite,polyuria,,,,,,,
Malaria,chills,vomiting,high_fever,sweating,headache,nausea,diarrhoea,muscle_pain,,,,,,,,,
Typhoid fever,chills,vomiting,fatigue,high_fever,headache,nausea,constipation,abdominal_pain,diarrhoea,toxic_look_(typhos),belly_pain,,,,,,
Pneumonia,chills,fatigue,cough,high_fever,breathlessness,sweating,malaise,phlegm,chest_pain,fast_heart_rate,rusty_sputum,,,,,,
Diabetes mellitus,fatigue,weight_loss,restlessness,lethargy,irregular_sugar_level,blurred_and_distorted_vision,obesity,excessive_hunger,increased_appetite,polyuria,,,,,,,
Malaria,chills,vomiting,high_fever,sweating,headache,nausea,diarrhoea,muscle_pain,,,,,,,,,
Typhoid fever,chills,vomiting,fatigue,high_fever,headache,nausea,constipation,abdominal_pain,diarrhoea,toxic_look_(typhos),belly_pain,,,,,,
Pneumonia,chills,fatigue,cough,high_fever,breathlessness,sweating,malaise,phlegm,chest_pain,fast_heart_rate,rusty_sputum,,,,,,
Diabetes mellitus,fatigue,weight_loss,restlessness,lethargy,irregular_sugar_level,blurred_and_distorted_vision,obesity,excessive_hunger,increased_appetite,polyuria,,,,,,,
Malaria,chills,vomiting,high_fever,sweating,headache,nausea,diarrhoea,muscle_pain,,,,,,,,,
Typhoid fever,chills,vomiting,fatigue,high_fever,headache,nausea,constipation,abdominal_pain,diarrhoea,toxic_look_(typhos),belly_pain,,,,,,
Pneumonia,chills,fatigue,cough,high_fever,breathlessness,sweating,malaise,phlegm,chest_pain,fast_heart_rate,rusty_sputum,,,,,,
Diabetes mellitus,fatigue,weight_loss,restlessness,lethargy,irregular_sugar_level,blurred_and_distorted_vision,obesity,excessive_hunger,increased_appetite,polyuria,,,,,,,
Malaria,chills,vomiting,high_fever,sweating,headache,nausea,diarrhoea,muscle_pain,,,,,,,,,
Typhoid fever,chills,vomiting,fatigue,high_fever,headache,nausea,constipation,abdominal_pain,diarrhoea,toxic_look_(typhos),belly_pain,,,,,,
Pneumonia,chills,fatigue,cough,high_fever,breathlessness,sweating,malaise,phlegm,chest_pain,fast_heart_rate,rusty_sputum,,,,,,
Diabetes mellitus,fatigue,weight_loss,restlessness,lethargy,irregular_sugar_level,blurred_and_distorted_vision,obesity,excessive_hunger,increased_appetite,polyuria,,,,,,,
Malaria,chills,vomiting,high_fever,sweating,headache,nausea,diarrhoea,muscle_pain,,,,,,,,,
Typhoid fever,chills,vomiting,fatigue,high_fever,headache,nausea,constipation,abdominal_pain,diarrhoea,toxic_look_(typhos),belly_pain,,,,,,
Pneumonia,chills,fatigue,cough,high_fever,breathlessness,sweating,malaise,phlegm,chest_pain,fast_heart_rate,rusty_sputum,,,,,,
Diabetes mellitus,fatigue,weight_loss,restlessness,lethargy,irregular_sugar_level,blurred_and_distorted_vision,obesity,excessive_hunger,increased_appetite,polyuria,,,,,,,
Malaria,chills,vomiting,high_fever,sweating,headache,nausea,diarrhoea,muscle_pain,,,,,,,,,
Typhoid fever,chills,vomiting,fatigue,high_fever,headache,nausea,constipation,abdominal_pain,diarrhoea,toxic_look_(typhos),belly_pain,,,,,,
Pneumonia,chills,fatigue,cough,high_fever,breathlessness,sweating,malaise,phlegm,chest_pain,fast_heart_rate,rusty_sputum,,,,,,
Diabetes mellitus,fatigue,weight_loss,restlessness,lethargy,irregular_sugar_level,blurred_and_distorted_vision,obesity,excessive_hunger,increased_appetite,polyuria,,,,,,,
Malaria,chills,vomiting,high_fever,sweating,headache,nausea,diarrhoea,muscle_pain,,,,,,,,,
Typhoid fever,chills,vomiting,fatigue,high_fever,headache,nausea,constipation,abdominal_pain,diarrhoea,toxic_look_(typhos),belly_pain,,,,,,
Pneumonia,chills,fatigue,cough,high_fever,breathlessness,sweating,malaise,phlegm,chest_pain,fast_heart_rate,rusty_sputum,,,,,,
Diabetes mellitus,fatigue,weight_loss,restlessness,lethargy,irregular_sugar_level,blurred_and_distorted_vision,obesity,excessive_hunger,increased_appetite,polyuria,,,,,,,
Malaria,chills,vomiting,high_fever,sweating,headache,nausea,diarrhoea,muscle_pain,,,,,,,,,
Typhoid fever,chills,vomiting,fatigue,high_fever,headache,nausea,constipation,abdominal_pain,diarrhoea,toxic_look_(typhos),belly_pain,,,,,,
Pneumonia,chills,fatigue,cough,high_fever,breathlessness,sweating,malaise,phlegm,chest_pain,fast_heart_rate,rusty_sputum,,,,,,
Diabetes mellitus,fatigue,weight_loss,restlessness,lethargy,irregular_sugar_level,blurred_and_distorted_vision,obesity,excessive_hunger,increased_appetite,polyuria,,,,,,,
Malaria,chills,vomiting,high_fever,sweating,headache,nausea,diarrhoea,muscle_pain,,,,,,,,,
Typhoid fever,chills,vomiting,fatigue,high_fever,headache,nausea,constipation,abdominal_pain,diarrhoea,toxic_look_(typhos),belly_pain,,,,,,
Pneumonia,chills,fatigue,cough,high_fever,breathlessness,sweating,malaise,phlegm,chest_pain,fast_heart_rate,rusty_sputum,,,,,,
Diabetes mellitus,fatigue,weight_loss,restlessness,lethargy,irregular_sugar_level,blurred_and_distorted_vision,obesity,excessive_hunger,increased_appetite,polyuria,,,,,,,
Malaria,chills,vomiting,high_fever,sweating,headache,nausea,diarrhoea,muscle_pain,,,,,,,,,
Typhoid fever,chills,vomiting,fatigue,high_fever,headache,nausea,constipation,abdominal_pain,diarrhoea,toxic_look_(typhos),belly_pain,,,,,,
Pneumonia,chills,fatigue,cough,high_fever,breathlessness,sweating,malaise,phlegm,chest_pain,fast_heart_rate,rusty_sputum,,,,,,
Diabetes mellitus,fatigue,weight_loss,restlessness,lethargy,irregular_sugar_level,blurred_and_distorted_vision,obesity,excessive_hunger,increased_appetite,polyuria,,,,,,,
Malaria,chills,vomiting,high_fever,sweating,headache,nausea,diarrhoea,muscle_pain,,,,,,,,,
Typhoid fever,chills,vomiting,fatigue,high_fever,headache,nausea,constipation,abdominal_pain,diarrhoea,toxic_look_(typhos),belly_pain,,,,,,
Pneumonia,chills,fatigue,cough,high_fever,breathlessness,sweating,malaise,phlegm,chest_pain,fast_heart_rate,rusty_sputum,,,,,,
Diabetes mellitus,fatigue,weight_loss,restlessness,lethargy,irregular_sugar_level,blurred_and_distorted_vision,obesity,excessive_hunger,increased_appetite,polyuria,,,,,,,
Malaria,chills,vomiting,high_fever,sweating,headache,nausea,diarrhoea,muscle_pain,,,,,,,,,
Typhoid fever,chills,vomiting,fatigue,high_fever,headache,nausea,constipation,abdominal_pain,diarrhoea,toxic_look_(typhos),belly_pain,,,,,,
Pneumonia,chills,fatigue,cough,high_fever,breathlessness,sweating,malaise,phlegm,chest_pain,fast_heart_rate,rusty_sputum,,,,,,
Diabetes mellitus,fatigue,weight_loss,restlessness,lethargy,irregular_sugar_level,blurred_and_distorted_vision,obesity,excessive_hunger,increased_appetite,polyuria,,,,,,,
Malaria,chills,vomiting,high_fever,sweating,headache,nausea,diarrhoea,muscle_pain,,,,,,,,,
Typhoid fever,chills,vomiting,fatigue,high_fever,headache,nausea,constipation,abdominal_pain,diarrhoea,toxic_look_(typhos),belly_pain,,,,,,
Pneumonia,chills,fatigue,cough,high_fever,breathlessness,sweating,malaise,phlegm,chest_pain,fast_heart_rate,rusty_sputum,,,,,,
Diabetes mellitus,fatigue,weight_loss,restlessness,lethargy,irregular_sugar_level,blurred_and_distorted_vision,obesity,excessive_hunger,increased_appetite,polyuria,,,,,,,
Malaria,chills,vomiting,high_fever,sweating,headache,nausea,diarrhoea,muscle_pain,,,,,,,,,
Typhoid fever,chills,vomiting,fatigue,high_fever,headache,nausea,constipation,abdominal_pain,diarrhoea,toxic_look_(typhos),belly_pain,,,,,,
Pneumonia,chills,fatigue,cough,high_fever,breathlessness,sweating,malaise,phlegm,chest_pain,fast_heart_rate,rusty_sputum,,,,,,
Diabetes mellitus,fatigue,weight_loss,restlessness,lethargy,irregular_sugar_level,blurred_and_distorted_vision,obesity,excessive_hunger,increased_appetite,polyuria,,,,,,,
Malaria,chills,vomiting,high_fever,sweating,headache,nausea,diarrhoea,muscle_pain,,,,,,,,,
Typhoid fever,chills,vomiting,fatigue,high_fever,headache,nausea,constipation,abdominal_pain,diarrhoea,toxic_look_(typhos),belly_pain,,,,,,
Pneumonia,chills,fatigue,cough,high_fever,breathlessness,sweating,malaise,phlegm,chest_pain,fast_heart_rate,rusty_sputum,,,,,,
Diabetes mellitus,fatigue,weight_loss,restlessness,lethargy,irregular_sugar_level,blurred_and_distorted_vision,obesity,excessive_hunger,increased_appetite,polyuria,,,,,,,
Malaria,chills,vomiting,high_fever,sweating,headache,nausea,diarrhoea,muscle_pain,,,,,,,,,
Typhoid fever,chills,vomiting,fatigue,high_fever,headache,nausea,constipation,abdominal_pain,diarrhoea,toxic_look_(typhos),belly_pain,,,,,,
Pneumonia,chills,fatigue,cough,high_fever,breathlessness,sweating,malaise,phlegm,chest_pain,fast_heart_rate,rusty_sputum,,,,,,
Diabetes mellitus,fatigue,weight_loss,restlessness,lethargy,irregular_sugar_level,blurred_and_distorted_vision,obesity,excessive_hunger,increased_appetite,polyuria,,,,,,,
Malaria,chills,vomiting,high_fever,sweating,headache,nausea,diarrhoea,muscle_pain,,,,,,,,,
Typhoid fever,chills,vomiting,fatigue,high_fever,headache,nausea,constipation,abdominal_pain,diarrhoea,toxic_look_(typhos),belly_pain,,,,,,
Pneumonia,chills,fatigue,cough,high_fever,breathlessness,sweating,malaise,phlegm,chest_pain,fast_heart_rate,rusty_sputum,,,,,,
Diabetes mellitus,fatigue,weight_loss,restlessness,lethargy,irregular_sugar_level,blurred_and_distorted_vision,obesity,excessive_hunger,increased_appetite,polyuria,,,,,,,
Malaria,chills,vomiting,high_fever,sweating,headache,nausea,diarrhoea,muscle_pain,,,,,,,,,
Typhoid fever,chills,vomiting,fatigue,high_fever,headache,nausea,constipation,abdominal_pain,diarrhoea,toxic_look_(typhos),belly_pain,,,,,,
Pneumonia,chills,fatigue,cough,high_fever,breathlessness,sweating,malaise,phlegm,chest_pain,fast_heart_rate,rusty_sputum,,,,,,
Diabetes mellitus,fatigue,weight_loss,restlessness,lethargy,irregular_sugar_level,blurred_and_distorted_vision,obesity,excessive_hunger,increased_appetite,polyuria,,,,,,,
Malaria,chills,vomiting,high_fever,sweating,headache,nausea,diarrhoea,muscle_pain,,,,,,,,,
Typhoid fever,chills,vomiting,fatigue,high_fever,headache,nausea,constipation,abdominal_pain,diarrhoea,toxic_look_(typhos),belly_pain,,,,,,
Pneumonia,chills,fatigue,cough,high_fever,breathlessness,sweating,malaise,phlegm,chest_pain,fast_heart_rate,rusty_sputum,,,,,,
Diabetes mellitus,fatigue,weight_loss,restlessness,lethargy,irregular_sugar_level,blurred_and_distorted_vision,obesity,excessive_hunger,increased_appetite,polyuria,,,,,,,
Malaria,chills,vomiting,high_fever,sweating,headache,nausea,diarrhoea,muscle_pain,,,,,,,,,
Typhoid fever,chills,vomiting,fatigue,high_fever,headache,nausea,constipation,abdominal_pain,diarrhoea,toxic_look_(typhos),belly_pain,,,,,,
Pneumonia,chills,fatigue,cough,high_fever,breathlessness,sweating,malaise,phlegm,chest_pain,fast_heart_rate,rusty_sputum,,,,,,
Diabetes mellitus,fatigue,weight_loss,restlessness,lethargy,irregular_sugar_level,blurred_and_distorted_vision,obesity,excessive_hunger,increased_appetite,polyuria,,,,,,,
Malaria,chills,vomiting,high_fever,sweating,headache,nausea,diarrhoea,muscle_pain,,,,,,,,,
Typhoid fever,chills,vomiting,fatigue,high_fever,headache,nausea,constipation,abdominal_pain,diarrhoea,toxic_look_(typhos),belly_pain,,,,,,
Pneumonia,chills,fatigue,cough,high_fever,breathlessness,sweating,malaise,phlegm,chest_pain,fast_heart_rate,rusty_sputum,,,,,,
Diabetes mellitus,fatigue,weight_loss,restlessness,lethargy,irregular_sugar_level,blurred_and_distorted_vision,obesity,excessive_hunger,increased_appetite,polyuria,,,,,,,
Malaria,chills,vomiting,high_fever,sweating,headache,nausea,diarrhoea,muscle_pain,,,,,,,,,
Typhoid fever,chills,vomiting,fatigue,high_fever,headache,nausea,constipation,abdominal_pain,diarrhoea,toxic_look_(typhos),belly_pain,,,,,,
Pneumonia,chills,fatigue,cough,high_fever,breathlessness,sweating,malaise,phlegm,chest_pain,fast_heart_rate,rusty_sputum,,,,,,
Diabetes mellitus,fatigue,weight_loss,restlessness,lethargy,irregular_sugar_level,blurred_and_distorted_vision,obesity,excessive_hunger,increased_appetite,polyuria,,,,,,,
Malaria,chills,vomiting,high_fever,sweating,headache,nausea,diarrhoea,muscle_pain,,,,,,,,,
Typhoid fever,chills,vomiting,fatigue,high_fever,headache,nausea,constipation,abdominal_pain,diarrhoea,toxic_look_(typhos),belly_pain,,,,,,
Pneumonia,chills,fatigue,cough,high_fever,breathlessness,sweating,malaise,phlegm,chest_pain,fast_heart_rate,rusty_sputum,,,,,,
Diabetes mellitus,fatigue,weight_loss,restlessness,lethargy,irregular_sugar_level,blurred_and_distorted_vision,obesity,excessive_hunger,increased_appetite,polyuria,,,,,,,
Malaria,chills,vomiting,high_fever,sweating,headache,nausea,diarrhoea,muscle_pain,,,,,,,,,
Typhoid fever,chills,vomiting,fatigue,high_fever,headache,nausea,constipation,abdominal_pain,diarrhoea,toxic_look_(typhos),belly_pain,,,,,,
Pneumonia,chills,fatigue,cough,high_fever,breathlessness,sweating,malaise,phlegm,chest_pain,fast_heart_rate,rusty_sputum,,,,,,
Diabetes mellitus,fatigue,weight_loss,restlessness,lethargy,irregular_sugar_level,blurred_and_distorted_vision,obesity,excessive_hunger,increased_appetite,polyuria,,,,,,,
Malaria,chills,vomiting,high_fever,sweating,headache,nausea,diarrhoea,muscle_pain,,,,,,,,,
Typhoid fever,chills,vomiting,fatigue,high_fever,headache,nausea,constipation,abdominal_pain,diarrhoea,toxic_look_(typhos),belly_pain,,,,,,
Pneumonia,chills,fatigue,cough,high_fever,breathlessness,sweating,malaise,phlegm,chest_pain,fast_heart_rate,rusty_sputum,,,,,,
Diabetes mellitus,fatigue,weight_loss,restlessness,lethargy,irregular_sugar_level,blurred_and_distorted_vision,obesity,excessive_hunger,increased_appetite,polyuria,,,,,,,
Malaria,chills,vomiting,high_fever,sweating,headache,nausea,diarrhoea,muscle_pain,,,,,,,,,
Typhoid fever,chills,vomiting,fatigue,high_fever,headache,nausea,constipation,abdominal_pain,diarrhoea,toxic_look_(typhos),belly_pain,,,,,,
Pneumonia,chills,fatigue,cough,high_fever,breathlessness,sweating,malaise,phlegm,chest_pain,fast_heart_rate,rusty_sputum,,,,,,
Diabetes mellitus,fatigue,weight_loss,restlessness,lethargy,irregular_sugar_level,blurred_and_distorted_vision,obesity,excessive_hunger,increased_appetite,polyuria,,,,,,,
Malaria,chills,vomiting,high_fever,sweating,headache,nausea,diarrhoea,muscle_pain,,,,,,,,,
Typhoid fever,chills,vomiting,fatigue,high_fever,headache,nausea,constipation,abdominal_pain,diarrhoea,toxic_look_(typhos),belly_pain,,,,,,
Pneumonia,chills,fatigue,cough,high_fever,breathlessness,sweating,malaise,phlegm,chest_pain,fast_heart_rate,rusty_sputum,,,,,,
Diabetes mellitus,fatigue,weight_loss,restlessness,lethargy,irregular_sugar_level,blurred_and_distorted_vision,obesity,excessive_hunger,increased_appetite,polyuria,,,,,,,
Malaria,chills,vomiting,high_fever,sweating,headache,nausea,diarrhoea,muscle_pain,,,,,,,,,
Typhoid fever,chills,vomiting,fatigue,high_fever,headache,nausea,constipation,abdominal_pain,diarrhoea,toxic_look_(typhos),belly_pain,,,,,,
Pneumonia,chills,fatigue,cough,high_fever,breathlessness,sweating,malaise,phlegm,chest_pain,fast_heart_rate,rusty_sputum,,,,,,
Diabetes mellitus,fatigue,weight_loss,restlessness,lethargy,irregular_sugar_level,blurred_and_distorted_vision,obesity,excessive_hunger,increased_appetite,polyuria,,,,,,,
Malaria,chills,vomiting,high_fever,sweating,headache,nausea,diarrhoea,muscle_pain,,,,,,,,,
Typhoid fever,chills,vomiting,fatigue,high_fever,headache,nausea,constipation,abdominal_pain,diarrhoea,toxic_look_(typhos),belly_pain,,,,,,
Pneumonia,chills,fatigue,cough,high_fever,breathlessness,sweating,malaise,phlegm,chest_pain,fast_heart_rate,rusty_sputum,,,,,,
Diabetes mellitus,fatigue,weight_loss,restlessness,lethargy,irregular_sugar_level,blurred_and_distorted_vision,obesity,excessive_hunger,increased_appetite,polyuria,,,,,,,
Malaria,chills,vomiting,high_fever,sweating,headache,nausea,diarrhoea,muscle_pain,,,,,,,,,
Typhoid fever,chills,vomiting,fatigue,high_fever,headache,nausea,constipation,abdominal_pain,diarrhoea,toxic_look_(typhos),belly_pain,,,,,,
Pneumonia,chills,fatigue,cough,high_fever,breathlessness,sweating,malaise,phlegm,chest_pain,fast_heart_rate,rusty_sputum,,,,,,
Diabetes mellitus,fatigue,weight_loss,restlessness,lethargy,irregular_sugar_level,blurred_and_distorted_vision,obesity,excessive_hunger,increased_appetite,polyuria,,,,,,,
Malaria,chills,vomiting,high_fever,sweating,headache,nausea,diarrhoea,muscle_pain,,,,,,,,,
Typhoid fever,chills,vomiting,fatigue,high_fever,headache,nausea,constipation,abdominal_pain,diarrhoea,toxic_look_(typhos),belly_pain,,,,,,
Pneumonia,chills,fatigue,cough,high_fever,breathlessness,sweating,malaise,phlegm,chest_pain,fast_heart_rate,rusty_sputum,,,,,,
Diabetes mellitus,fatigue,weight_loss,restlessness,lethargy,irregular_sugar_level,blurred_and_distorted_vision,obesity,excessive_hunger,increased_appetite,polyuria,,,,,,,
Malaria,chills,vomiting,high_fever,sweating,headache,nausea,diarrhoea,muscle_pain,,,,,,,,,
Typhoid fever,chills,vomiting,fatigue,high_fever,headache,nausea,constipation,abdominal_pain,diarrhoea,toxic_look_(typhos),belly_pain,,,,,,
Pneumonia,chills,fatigue,cough,high_fever,breathlessness,sweating,malaise,phlegm,chest_pain,fast_heart_rate,rusty_sputum,,,,,,
Diabetes mellitus,fatigue,weight_loss,restlessness,lethargy,irregular_sugar_level,blurred_and_distorted_vision,obesity,excessive_hunger,increased_appetite,polyuria,,,,,,,
Malaria,chills,vomiting,high_fever,sweating,headache,nausea,diarrhoea,muscle_pain,,,,,,,,,
Typhoid fever,chills,vomiting,fatigue,high_fever,headache,nausea,constipation,abdominal_pain,diarrhoea,toxic_look_(typhos),belly_pain,,,,,,
Pneumonia,chills,fatigue,cough,high_fever,breathlessness,sweating,malaise,phlegm,chest_pain,fast_heart_rate,rusty_sputum,,,,,,
Diabetes mellitus,fatigue,weight_loss,restlessness,lethargy,irregular_sugar_level,blurred_and_distorted_vision,obesity,excessive_hunger,increased_appetite,polyuria,,,,,,,
Malaria,chills,vomiting,high_fever,sweating,headache,nausea,diarrhoea,muscle_pain,,,,,,,,,
Typhoid fever,chills,vomiting,fatigue,high_fever,headache,nausea,constipation,abdominal_pain,diarrhoea,toxic_look_(typhos),belly_pain,,,,,,
Pneumonia,chills,fatigue,cough,high_fever,breathlessness,sweating,malaise,phlegm,chest_pain,fast_heart_rate,rusty_sputum,,,,,,
Diabetes mellitus,fatigue,weight_loss,restlessness,lethargy,irregular_sugar_level,blurred_and_distorted_vision,obesity,excessive_hunger,increased_appetite,polyuria,,,,,,,
Malaria,chills,vomiting,high_fever,sweating,headache,nausea,diarrhoea,muscle_pain,,,,,,,,,
Typhoid fever,chills,vomiting,fatigue,high_fever,headache,nausea,constipation,abdominal_pain,diarrhoea,toxic_look_(typhos),belly_pain,,,,,,
Pneumonia,chills,fatigue,cough,high_fever,breathlessness,sweating,malaise,phlegm,chest_pain,fast_heart_rate,rusty_sputum,,,,,,
Diabetes mellitus,fatigue,weight_loss,restlessness,lethargy,irregular_sugar_level,blurred_and_distorted_vision,obesity,excessive_hunger,increased_appetite,polyuria,,,,,,,
Malaria,chills,vomiting,high_fever,sweating,headache,nausea,diarrhoea,muscle_pain,,,,,,,,,
Typhoid fever,chills,vomiting,fatigue,high_fever,headache,nausea,constipation,abdominal_pain,diarrhoea,toxic_look_(typhos),belly_pain,,,,,,
Pneumonia,chills,fatigue,cough,high_fever,breathlessness,sweating,malaise,phlegm,chest_pain,fast_heart_rate,rusty_sputum,,,,,,
Diabetes mellitus,fatigue,weight_loss,restlessness,lethargy,irregular_sugar_level,blurred_and_distorted_vision,obesity,excessive_hunger,increased_appetite,polyuria,,,,,,,
Malaria,chills,vomiting,high_fever,sweating,headache,nausea,diarrhoea,muscle_pain,,,,,,,,,
Typhoid fever,chills,vomiting,fatigue,high_fever,headache,nausea,constipation,abdominal_pain,diarrhoea,toxic_look_(typhos),belly_pain,,,,,,
Pneumonia,chills,fatigue,cough,high_fever,breathlessness,sweating,malaise,phlegm,chest_pain,fast_heart_rate,rusty_sputum,,,,,,
Diabetes mellitus,fatigue,weight_loss,restlessness,lethargy,irregular_sugar_level,blurred_and_distorted_vision,obesity,excessive_hunger,increased_appetite,polyuria,,,,,,,
Malaria,chills,vomiting,high_fever,sweating,headache,nausea,diarrhoea,muscle_pain,,,,,,,,,
Typhoid fever,chills,vomiting,fatigue,high_fever,headache,nausea,constipation,abdominal_pain,diarrhoea,toxic_look_(typhos),belly_pain,,,,,,
Pneumonia,chills,fatigue,cough,high_fever,breathlessness,sweating,malaise,phlegm,chest_pain,fast_heart_rate,rusty_sputum,,,,,,
Diabetes mellitus,fatigue,weight_loss,restlessness,lethargy,irregular_sugar_level,blurred_and_distorted_vision,obesity,excessive_hunger,increased_appetite,polyuria,,,,,,,
Malaria,chills,vomiting,high_fever,sweating,headache,nausea,diarrhoea,muscle_pain,,,,,,,,,
Typhoid fever,chills,vomiting,fatigue,high_fever,headache,nausea,constipation,abdominal_pain,diarrhoea,toxic_look_(typhos),belly_pain,,,,,,
Pneumonia,chills,fatigue,cough,high_fever,breathlessness,sweating,malaise,phlegm,chest_pain,fast_heart_rate,rusty_sputum,,,,,,
Diabetes mellitus,fatigue,weight_loss,restlessness,lethargy,irregular_sugar_level,blurred_and_distorted_vision,obesity,excessive_hunger,increased_appetite,polyuria,,,,,,,
Malaria,chills,vomiting,high_fever,sweating,headache,nausea,diarrhoea,muscle_pain,,,,,,,,,
Typhoid fever,chills,vomiting,fatigue,high_fever,headache,nausea,constipation,abdominal_pain,diarrhoea,toxic_look_(typhos),belly_pain,,,,,,
Pneumonia,chills,fatigue,cough,high_fever,breathlessness,sweating,malaise,phlegm,chest_pain,fast_heart_rate,rusty_sputum,,,,,,
